Course - Fashion & Style,Course - Language Learning,Course - Music Lessons,Course - Photography & Editing,Course - Public Speaking & Presentation Skills,Shop - Event Decor & Party Supplies,Shop - Fashion,Shop - Handmade Products,Shop - Music Gear & Accessories,Shop - Natural Beauty & Skincare
plunexa.com,marzora.org,olvexa.org,nuvori.net,renuvia.net,spinexa.net,draliva.org,javexo.net,clovixa.org,prelixa.org
yondix.org,vytriq.com,drayzo.net,plorix.net,nolvex.org,lumeroa.org,wavixo.net,yluria.org,tylixy.net,bruniva.net
"OJIT Dev(AT,NL)",,,,,,,,,
,,,,,,,,,
Course - Drawing & Illustration,Course - Digital Art & Procreate Basics,Course - Creative Writing & Storytelling,Course - Meditation & Mindfulness,Course - Public Speaking & Presentation Skills,Shop - Stationery & Journaling Supplies,Shop - Art Prints & Wall Décor,Shop - Eco-Friendly Lifestyle Products,Shop - Scented Candles & Home Fragrance,Shop - Custom Gifts & Personalized Items
wivana.net,dynaxa.net,zyliva.org,zorylo.org,lazoro.org,frozira.com,strenlo.org,nylixa.net,flexari.org,volira.org
nunexa.net,tornivo.com,glintiq.org,trayxa.com,flyntra.com,gravora.net,crovela.net,klynta.net,upvora.net,relyzo.org
"FIMA(UK, NZ)",,,,,,,,,
,,,,,,,,,
Course - Productivity & Time Management,Course - DIY Skincare Formulation,Course - Candle & Soap Making,Course - Calligraphy & Hand Lettering,Course - Graphic Design for Beginners,Shop - Organic Bath & Body Products,Shop - Kids’ Educational Toys & Kits,Shop - Minimalist Jewelry & Accessories,Shop - Pet Accessories & Handmade Toys,Shop - Home Office Decor & Desk Accessories
myvora.net,azurio.net,skalora.net,clynera.org,auriora.org,wavivo.org,environiq.org,alumiya.org,floraxa.org,plexivo.org
ethicra.org,fynetic.org,aidello.org,wavaria.org,harmoneo.org,flowena.org,humanoza.org,nextvia.org,tylivia.org,puretica.org
"MEHEDI (CA,NL)",,,,,,,,,
,,,,,,,,,
Course - Fashion Illustration,Course - Jewelry Design & Techniques,Course - Blogging & Content Writing,Course - Home Organization & Decluttering,Course - Self-Branding for Creatives,Shop - Embroidery & Needlework Kits,Shop - Wellness & Self-Care Boxes,Shop - Upcycled Fashion & Vintage Finds,"Shop - Custom Mugs, Tees & Tote Bags",Shop - Aromatherapy & Essential Oils
kindoro.org,trivana.org,hopeza.org,planethix.org,equivox.org,giventa.org,intevero.org,bravera.org,virtuno.org,mindaxa.org
flexona.org,nuvanti.org,trevola.org,clevoro.org,dreamvia.org,thryvia.org,valnera.org,cloudova.org,syntari.org,kindara.org
RIFAT(GR),,,SHAHED(AU),,,,,,
"????? ??????????, Velestino 375 00, Greece(+306980122386",,,"15 Arthur St, Darkan WA 6392, Australia(+61418445879)",,,,,,
